title,im1,im2,im3,im4,im5
기생충,그리고 싶은 것,첩첩산중,파킹찬스,오징어,치석
극한직업,하우스 패밀리,회오리 바람,졸업,여고생,전설의 여공
해리포터,"한, 숨","다른, 밤",돌아가는 관람차,회전목마,치석
센과 치히로의 행방불명,위안,파르티잔,이장,대만 이야기,치석
어바웃타임,대한철강,낮은 목소리 3 : 숨결,인류의 영원한 테마,In the Cold Cold Night-03_Repeat Mark,"여기, 나의 정원"
소수의견,스트레인저,여름의 나무들,우리는 불스다,이태원,초대
올드보이,사회생활,피사체,그 여자,지식인 박광만,담피소
더셀,"충심, 소소",사냥의 밤,아무도 없는,신의 아이들은 연기가 어렵다,파출부
컨저링,용산,물의 기원,암사자들,서울연애,동아
노예12년,나를 찾는 전화벨이 울리면,미필적 고의,붕붕,살기 위하여,공존
스파이더맨,"컴, 투게더",로프공의 밤,송한나,하우스 패밀리,고함
해운대,마트료시카,지식인 박광만,무녀도,얼라이브,무림일검의 사생활
인터스텔라,탄피,귀신고래,착한 사람은 거짓말 하지 않는다,데스퍼럿 크로싱,스위밍걸
1917,물의,구럼비-바람이 분다,아프지않아,물의 기원,나를 찾는 전화벨이 울리면
스쿨 오브 락,적의 사과,바다 위의 별,디어파파,"영화, 관",대학탐방
말아톤,잠시 쉬어가다,의자가 되는 법,바느질 하는 여자,꾸구리,청춘과부
콜 미 바이 유어 네임,악당의 사연,463 - 포엠 오브 더 로스트,너는 결코 서둘지 말라,밥상행사,갈라파고스
라이프 오브 파이,낮과 밤,친구집,파르티잔,안녕 자지,대한철강
